{"cameraMode":{"drawMode":0,"name":"Shaded","section":"Shading Mode"},"sceneLighting":false,"audioPlay":false,"sceneViewState":{"m_AlwaysRefresh":false,"showFog":true,"showSkybox":false,"showFlares":true,"showImageEffects":true,"showParticleSystems":true,"showVisualEffectGraphs":true,"m_FxEnabled":true},"in2DMode":false,"pivot":{"x":577.0170288085938,"y":965.2881469726563,"z":0.3253173828125},"rotation":{"x":-0.02099611982703209,"y":-0.003966714255511761,"z":0.00024136932916007936,"w":-0.9996352791786194},"size":732.5079345703125,"orthographic":false}