{"cameraMode":{"drawMode":0,"name":"Shaded","section":"Shading Mode"},"sceneLighting":false,"audioPlay":false,"sceneViewState":{"m_AlwaysRefresh":false,"showFog":true,"showSkybox":false,"showFlares":true,"showImageEffects":true,"showParticleSystems":true,"showVisualEffectGraphs":true,"m_FxEnabled":true},"in2DMode":false,"pivot":{"x":-0.0010249493643641472,"y":0.001958332257345319,"z":0.001631259685382247},"rotation":{"x":-0.0944419875741005,"y":0.7506393790245056,"z":-0.11000359058380127,"w":-0.6445678472518921},"size":0.0037109346594661476,"orthographic":false}