{"cameraMode":{"drawMode":0,"name":"Shaded","section":"Shading Mode"},"sceneLighting":false,"audioPlay":false,"sceneViewState":{"m_AlwaysRefresh":false,"showFog":true,"showSkybox":false,"showFlares":true,"showImageEffects":true,"showParticleSystems":true,"showVisualEffectGraphs":true,"m_FxEnabled":true},"in2DMode":false,"pivot":{"x":0.0026639699935913088,"y":1.4708514213562012,"z":3.026402473449707},"rotation":{"x":-0.36487632989883425,"y":-0.5495450496673584,"z":0.28941383957862856,"w":-0.6934651136398315},"size":1.2580206394195557,"orthographic":false}